idx,dataset,example_id,prompt_id,source,subject,question_number,prompt,question,choice_a,choice_b,choice_c,choice_d,answer,gold_passage,gold_idx
civ0001,workshop_civpro,civ0001,civ0001,698549435-CIVIL-PROCEDURE-MBE-QUESTIONS.pdf,Civil Procedure,,1,"A corporation filed a breach of contract action against another corporation in the United States District Court for the District of State A on the basis of diversity of citizenship jurisdiction. The action seeks $80,000 in damages. The plaintiff corporation was incorporated in State B and has its principal place of business in State C. The defendant corporation was incorporated in State C and has its principal place of business in State A. The defendant corporation filed a motion to dismiss the action for lack of subject matter jurisdiction. Will the defendant corporation’s motion be granted?","Yes, because both corporations are citizens of State C.","Yes, because the defendant corporation is a citizen of the state in which the action was filed.","No, because the plaintiff corporation is a citizen of State C and the defendant corporation is a citizen of State A.","No, because, while both corporations are citizens of State C, the plaintiff corporation is also a citizen of State B and the defendant corporation is also a citizen of State A.","D",,civ0001
civ0002,workshop_civpro,civ0002,civ0002,698549435-CIVIL-PROCEDURE-MBE-QUESTIONS.pdf,Civil Procedure,,2,"A building materials supplier, who is a citizen of State A, and a contractor, who is a citizen of State B, had a contract dispute. The contractor drove to the supplier’s home in State A to discuss possible settlement of the dispute. The discussions were not successful. As the contractor backed out of the supplier’s driveway, the contractor accidently hit the supplier’s car, damaging it significantly. The supplier sued the contractor in federal court, asserting both a breach of contract claim and a negligence claim for the damage done to the supplier’s car. The supplier’s complaint seeks $71,000 in damages for breach of contract and $5,000 in damages to pay the cost of repairs to the car. Does the federal court have subject matter jurisdiction over the supplier’s action?","Yes, because the amounts of the supplier’s two claims may be aggregated and thus meet the amount in controversy requirement.","Yes, because the supplier’s two claims are related and therefore may be aggregated to satisfy the amount in controversy requirement.","No, because the supplier’s two claims do not arise from the same transaction or occurrence and therefore may not be aggregated to satisfy the amount in controversy requirement.","No as to the negligence claim but yes as to the breach of contract claim.","A",,civ0002
civ0003,workshop_civpro,civ0003,civ0003,698549435-CIVIL-PROCEDURE-MBE-QUESTIONS.pdf,Civil Procedure,,,"3A driver was killed in a two-car accident in State A. The deceased driver was a citizen of State B, and the driver of the other car is a citizen of State A. The executor of the deceased driver’s estate filed a negligence action in federal district court on behalf of the deceased driver against the State A driver, seeking $250,000. The executor is a citizen of State A. Does the federal court have diversity of citizenship jurisdiction over this action?","No, because the executor and the defendant are both citizens of State A.","No, because federal courts will not exercise diversity of citizenship jurisdiction over probate matters.","Yes, because the executor of the plaintiff’s estate is a citizen of State A and the deceased plaintiff is a citizen of State B.","Yes, because the deceased plaintiff was a citizen of State B and the defendant is a citizen of State A.","A",,civ0003
civ0004,workshop_civpro,civ0004,civ0004,698549435-CIVIL-PROCEDURE-MBE-QUESTIONS.pdf,Civil Procedure,,4,"A seller entered a contract with a buyer under which the buyer agreed to purchase certain corporate securities for $500,000. The buyer refused to go through with the purchase, contending that the entire transaction was void because of federal securities statutes. The seller thus sold the securities to another party but was able to sell them for only $420,000. The seller filed an action against the buyer in federal district court, alleging that the transaction did not violate federal securities statutes and seeking $80,000 for the buyer’s breach of contract. The seller and the buyer are both citizens of the same state. Does the federal court have subject matter jurisdiction over the action?","Yes, because the action raises the federal issue of whether the transaction violated federal securities statutes.","Yes, because the amount in controversy exceeds the required minimum for purposes of federal question jurisdiction.","No, because the buyer and seller are citizens of the same state and the action does not arise under federal law.","No, because the amount in controversy for purposes of federal question jurisdiction is not sufficient.","C",,civ0004
civ0005,workshop_civpro,civ0005,civ0005,698549435-CIVIL-PROCEDURE-MBE-QUESTIONS.pdf,Civil Procedure,,5,"A citizen of State A filed a breach of contract action against a citizen of State B in a State A state trial court. The State B defendant timely and properly removed the action to the United States District Court for the District of State A. The defendant then filed a motion to dismiss the action based on insufficient service of process. Following a hearing, the court found that service was proper and denied the motion. The defendant then filed her answer, responding to the merits of the complaint and asserting that the case should be dismissed on the grounds that another action was pending between the same parties for the same cause in a State B state court. The State A Rules of Civil Procedure provide that a party waives the right to seek dismissal on that ground if the party files a pre-answer motion to dismiss and does not assert that ground in the motion. Should the federal court hold that the defendant has waived the right to seek dismissal based on the pendency of the same cause in another court?","Yes, because this action was commenced in a State A state court, so the federal court must apply State A law.","Yes, because this action is in a federal court in State A on the basis of the court’s diversity of citizenship jurisdiction, so the federal court must apply State A law.","No, because this issue is unlikely to affect the outcome of the action or to create forum-shopping, so the federal court should apply federal law, under which the defendant has not waived this defense.","No, because this issue is governed by the Federal Rules of Civil Procedure, under which the defendant has not waived this defense.","D",,civ0005
civ0006,workshop_civpro,civ0006,civ0006,698549435-CIVIL-PROCEDURE-MBE-QUESTIONS.pdf,Civil Procedure,,6,"A researcher and an analyst had employment contracts with a corporation. The corporation fired them because it believed they had conspired to give its trade secrets to a competitor. Knowing that the conspiracy allegations were not true, the researcher and the analyst sued the corporation in federal district court for breach of their employment contracts. The researcher seeks $100,000 in damages and the analyst seeks $50,000. They are both citizens of State A. The corporation is incorporated in State B, and its principal place of business is in State B. Does the federal district court have subject matter jurisdiction over both of the claims?","Yes, the court has diversity of citizenship jurisdiction over both claims because the amounts of their related claims may be aggregated to satisfy the amount in controversy requirement.","Yes, the court has diversity of citizenship jurisdiction over the researcher’s $100,000 claim and supplemental jurisdiction over the analyst’s $50,000 claim.","No, the court does not have subject matter jurisdiction over the analyst’s $50,000 claim because the claims of both plaintiffs may not be aggregated to satisfy the amount in controversy requirement.","No, the court does not have subject matter jurisdiction over either claim because the breach of contract claim is based on state law.","B",,civ0006
civ0007,workshop_civpro,civ0007,civ0007,698549435-CIVIL-PROCEDURE-MBE-QUESTIONS.pdf,Civil Procedure,,7,"A pedestrian was injured in a car accident involving two cars. The pedestrian filed a negligence action against both drivers in federal district court, seeking to hold them jointly and severally liable for $500,000. The pedestrian is a citizen of State A, and both drivers are citizens of State B. The first driver then asserted a cross-claim against the second driver, claiming that the second driver’s negligence was the sole cause of the accident and seeking to recover from the second driver $15,000 for the damage done to the first driver’s car. Does the federal court have subject matter jurisdiction over the cross-claim?","No, because the cross-claim is between two citizens of the same state.","No, because the amount of the cross-claim is too small.","No, because there is no supplemental jurisdiction over the cross-claim unless it is related to a federal question claim asserted in the same action, and there is no federal question claim.","Yes, the court has supplemental jurisdiction over the cross-claim.","D",,civ0007
civ0008,workshop_civpro,civ0008,civ0008,698549435-CIVIL-PROCEDURE-MBE-QUESTIONS.pdf,Civil Procedure,,8,"An investor filed a civil action against her broker in a State A state court seeking $30,000 for violation of federal securities statutes. The investor is a citizen of State B and the broker is a citizen of State A. May the broker remove the action to federal district court?","No, because the amount in controversy is too small for federal subject matter jurisdiction.","No, because the defendant is a citizen of the state from whose court the action is removed.","Yes, the broker may remove the action to federal district court on the basis of federal question jurisdiction.","Yes, the broker may remove the action to federal district court on the basis of federal diversity of citizenship jurisdiction.","C",,civ0008
civ0009,workshop_civpro,civ0009,civ0009,698549435-CIVIL-PROCEDURE-MBE-QUESTIONS.pdf,Civil Procedure,,9,"A car buyer, a resident of State A, wished to purchase a new car. After shopping both online and in person for the best price, the buyer decided to purchase a car from a dealer in State B. The buyer drove to the State B dealership, signed a sales contract, paid for the car, and drove the car back home to State A. Three months later, the buyer was in an accident in State A while driving the new car. The other driver in the accident was a resident of State B who was just passing through State A. The other driver filed a negligence action against the buyer in a court in State B. Does the buyer have sufficient contacts with State B such that a State B court could exercise personal jurisdiction over the buyer for the negligence action?","Yes, because the buyer had purposeful contacts with State B.","No, because the other driver’s claim does not arise from the buyer’s contacts with State B, and the contacts are insufficient to create general personal jurisdiction.","No, because the buyer did not benefit in any way from the contacts with State B.","No, because the buyer’s contacts with State B were not purposeful.","B",,civ0009
civ0010,workshop_civpro,civ0010,civ0010,698549435-CIVIL-PROCEDURE-MBE-QUESTIONS.pdf,Civil Procedure,,10,"A hunter residing in State A visited a website created and operated by a hunting equipment company. The company is a State B corporation, and its headquarters and all its facilities are in State B. It sells its products in several stores in State B and through its website. Its marketing efforts and most of its sales are in State A and State B. Using the company’s website, the hunter ordered a hunting stand. The hunter paid for the stand and shipment to State A by providing his credit card information on the company’s website. After the stand arrived at the hunter’s home in State A, the hunter used the stand while on a hunting trip in State C—a very popular hunting destination. The stand collapsed, causing severe injuries to the hunter. The hunter filed a products liability action against the company in a State C court. The company filed a motion to dismiss the action on the ground that the State C court lacks personal jurisdiction over it. Although the company’s website is accessible in State C, the company does not otherwise advertise there, and it does no business there. There is no evidence that the company has sold any products in State C. Does the company have sufficient contacts with State C such that a State C court may exercise personal jurisdiction over it?","Yes, because the company’s website is continuously accessible in State C so that people there may purchase products from the company at any time.","Yes, because the company could foresee that its customers would carry the company’s hunting products on hunting trips to other states—particularly states where hunting is popular.","No, because personal jurisdiction cannot be based on Internet contacts.","No, because the company does not have sufficient purposeful contacts with State C.","D",,civ0010
civ0011,workshop_civpro,civ0011,civ0011,698549435-CIVIL-PROCEDURE-MBE-QUESTIONS.pdf,Civil Procedure,,11,"An automobile crash victim intends to file a negligence action based on diversity of citizenship jurisdiction against a driver in federal court for injuries sustained in an automobile accident that occurred in State A. The victim resides in State B, and the driver resides in State C. State A, State B, and State C all have only a single federal judicial district. In which federal district court(s) is venue proper?","The District of State A only.","The District of State C only.","The District of State A and the District of State C.","The District of State A, the District of State B, and the District of State C.","C",,civ0011
civ0012,workshop_civpro,civ0012,civ0012,698549435-CIVIL-PROCEDURE-MBE-QUESTIONS.pdf,Civil Procedure,,12,"A zoologist was moving to State A from State B, where she had lived her entire life. She was driving a truck and trailer that contained all of her possessions across the country when she was involved in a severe accident in State C. After being released from the hospital, but before suit was filed, the zoologist proceeded to State A, where she rented an apartment and found a job. The driver of an automobile involved in the severe accident intends to file a negligence action against the zoologist in federal district court. The driver is a citizen and resident of State D. In which federal district(s) is venue proper?","The District of State C only.","The District of State C and the District of State B.","The District of State C and the District of State A only.","The District of State C, the District of State D, and the District of State A.","C",,civ0012
civ0013,workshop_civpro,civ0013,civ0013,698549435-CIVIL-PROCEDURE-MBE-QUESTIONS.pdf,Civil Procedure,,13,"A plaintiff from State A filed a breach of contract action in a federal court in State B. The defendant in the action is a State B corporation. The corporation’s president and registered agent, the only officer having express authority to receive service of process on behalf of the corporation, was out of the country for several months. State B’s rules of civil procedure, however, authorize service on a corporation by serving any “officer, managing or general agent, or any agent authorized to receive service.” State B’s rules also authorize service of process by certified mail. The plaintiff thus sent the summons and complaint to the defendant corporation’s only vice president, who resides in State B. The vice president signed the certified mail return receipt. If the corporation files a motion to dismiss the action for improper service of process, how should the court rule?","Deny the motion, because service of process was proper.","Deny the motion, because the defendant waived service of process by allowing its only agent authorized to receive service to leave the country.","Grant the motion, because, despite what state rules allow, service on a corporation sued in federal court must be on the officer or agent of the corporation who is authorized by the corporation to receive service on behalf of the corporation.","Grant the motion, because, despite what state rules allow, service on a corporation sued in federal court may not be made by certified mail.","A",,civ0013
civ0014,workshop_civpro,civ0014,civ0014,698549435-CIVIL-PROCEDURE-MBE-QUESTIONS.pdf,Civil Procedure,,14,"After filing her complaint in federal district court, a plaintiff mailed to a defendant by ordinary first-class mail the following: duly executed copies of the complaint and summons, a request that the defendant waive service of process, two copies of a waiver-of-service form, and an addressed, prepaid return envelope. The defendant signed the waiver-of-service form and returned a copy to the plaintiff. Fifty days after the plaintiff mailed the forms to the defendant and 25 days after the defendant returned the signed form to the plaintiff, the plaintiff filed a motion for entry of default and a default judgment. The following day, the defendant filed and served his answer. Was the defendant’s answer timely?","No, because the defendant may no longer file an answer once the time for filing a response to a complaint has expired and the plaintiff has filed a motion for default judgment.","No, because the Federal Rules of Civil Procedure require a defendant to file a response to a complaint within 21 days after being served with process.","Yes, because the defendant filed his answer less than 28 days after he returned the waiver of service form.","Yes, because a defendant who waives service of process is allowed additional time in which to respond to the complaint, and the time had not yet expired.","D",,civ0014
civ0015,workshop_civpro,civ0015,civ0015,698549435-CIVIL-PROCEDURE-MBE-QUESTIONS.pdf,Civil Procedure,,15,"A customer became ill from meat he purchased at the “The Corner Grocery” store in City A. The legal name of the store is “The Corner Grocery, Inc.” The customer’s attorney instituted a diversity action in federal district court, mistakenly naming as the defendant “The Corner Grocery” in City B, whose legal name is “The Corner Grocery Company, Ltd.” The two are separate legal entities, but their stock is owned by the same persons in the same proportions. The complaint specifically described the store from which the pork was purchased, including its City A address. Approximately one month after filing the complaint, and after the statute of limitations had expired, the customer’s attorney served process on an individual who is the president and 50% shareholder of both stores. The named defendant, the City B store, then filed its answer denying liability on the grounds that the customer never visited the City B store and never bought anything there. Upon learning that he had named the wrong store as defendant, the customer’s attorney filed a motion to amend the complaint to substitute the name of the correct defendant for the incorrect defendant originally named. After the court allowed the amendment, the new defendant filed an answer asserting that the claim against it was barred by the statute of limitations. In response, the customer’s attorney asserted that the amended complaint is not barred because it asserts a claim that arises from the same transaction as the original complaint and therefore relates back to the time of the original complaint. Is the amended complaint barred even though it relates back to the time of the original complaint?","No, because the customer appears to have acted in good faith and exercised reasonable care in naming the proper defendant.","No, because the new defendant received timely notice of the action so as not to be prejudiced in defending the merits and knew or should have known that the action would have been brought against it but for a mistake concerning the proper party’s identity.","Yes, because the proper defendant was not served with process within the time prescribed for service of the original complaint.","Yes, because both the original and the amended claims are barred by the statute of limitations since service of process did not occur until after the statute of limitations expired.","B",,civ0015
civ0016,workshop_civpro,civ0016,civ0016,698549435-CIVIL-PROCEDURE-MBE-QUESTIONS.pdf,Civil Procedure,,16,"A bar prep company discovered that its copyrighted content was being used in an online simulated exam that its competitor was administering in a few days. The company filed a petition for an ex parte order to direct the competitor to immediately remove that content from its website. The company submitted an affidavit specifying why immediate and irreparable injury will result if the exam is administered, and offered to provide security for any costs or damages incurred by the competitor if it was determined that the order was wrongfully issued. Should the court issue the order?","Yes, because the company submitted an affidavit with specific facts showing immediate and irreparable injury.","Yes, because the competitor will receive notice of the order once it is issued by the court.","No, because a court cannot issue an injunction unless the adverse party has notice of the hearing.","No, because the company has not provided sufficient certification for obtaining an ex parte order.","A",,civ0016
civ0017,workshop_civpro,civ0017,civ0017,698549435-CIVIL-PROCEDURE-MBE-QUESTIONS.pdf,Civil Procedure,,17,"Two citizens of State A were injured in State B when the taxi in which they were riding was in an accident. The two State A citizens intend to file tort claims against the taxi driver, a citizen of State B, in federal district court seeking over $100,000 each. May or must they assert their claims in federal district court in a single civil action?","They must assert their claims in a single action because their claims arise from the same accident.","They may assert their claims in a single action if they wish, or they may file separate actions.","They may not assert their claims in a single action because they are not asserting a single undivided interest.","They may not assert their claims in a single action because each plaintiff is seeking damages for his own discrete bodily injuries.","B",,civ0017
civ0018,workshop_civpro,civ0018,civ0018,698549435-CIVIL-PROCEDURE-MBE-QUESTIONS.pdf,Civil Procedure,,18,"Three drivers were in a traffic accident in State A. The three drivers were citizens of State A, State B, and State C, respectively. Only the driver from State C sustained any injuries and damage. The driver from State C filed a tort action against the State A driver, seeking $100,000 in damages. The State A driver believes that he was not at fault in any way and that the driver from State B was the sole cause of the accident. Assume State A does not recognize any claim of contribution among joint tortfeasors. May the State A driver assert a third-party claim against the State B driver in the pending action, alleging that the State B driver was the party at fault and should pay for the State C driver’s injuries?","Yes, because third-party claims are permitted as long as they arise from the same transaction or occurrence as the original action.","Yes, because the State A driver’s third-party claim is derivative of the State C driver’s original claim.","Yes, provided the State A driver obtains leave of the court.","No, the State A driver may not maintain the third-party claim.","D",,civ0018
civ0019,workshop_civpro,civ0019,civ0019,698549435-CIVIL-PROCEDURE-MBE-QUESTIONS.pdf,Civil Procedure,,19,"The plaintiff in a negligence case was injured in a car accident with the defendant. The plaintiff’s attorney retained a physician to examine the plaintiff and to testify regarding the plaintiff’s injuries. After the physician examined the plaintiff, the plaintiff’s attorney discussed the physician’s findings with the physician. The plaintiff’s attorney and the physician also discussed what the physician should include in the expert witness report that will be provided to the defendant. The defendant then conducted a deposition of the physician. During the deposition, the defendant’s attorney asked the physician to describe what was said in his conversations with the plaintiff’s attorney. The plaintiff’s attorney objected to those questions. Are the defendant’s questions regarding the plaintiff’s attorney’s discussions with the physician properly subject to discovery?","No, because the communications between the plaintiff’s attorney and the physician are protected from discovery under the work product doctrine.","No, because the communications between the plaintiff’s attorney and the physician are protected by the attorney-client privilege.","Yes, because the attorney does not represent the physician and therefore the communications between the plaintiff’s attorney and the physician are not privileged.","Yes, because the communications between the plaintiff’s attorney and the physician are relevant to determine the basis for opinions and statements in the physician’s expert report.","A",,civ0019
civ0020,workshop_civpro,civ0020,civ0020,698549435-CIVIL-PROCEDURE-MBE-QUESTIONS.pdf,Civil Procedure,,20,"A former shareholder of a corporation filed an action against the corporation’s board of directors, alleging that the directors’ wrongful actions diminished the value of the corporation and its stock. The former shareholder served a request for production of documents that included a request for any documents relating to the value of the corporation. The corporation produced a number of documents, but withheld certain documents that were written by its attorneys, claiming that the documents were protected from discovery under the attorney-client privilege. Without contacting or conferring with the corporation or its lawyer, the former shareholder filed a motion to compel production of the withheld documents, claiming that they were not covered by the privilege. The court ruled that the documents were not privileged and had to be produced. What will be the likely result if the former shareholder seeks to recover costs or attorneys’ fees related to the motion or to have sanctions imposed on the corporation?","The shareholder may not recover costs or attorneys’ fees or have sanctions imposed.","The shareholder may recover the costs of asserting the motion to compel but may not recover any attorneys’ fees or have sanctions imposed.","The shareholder may recover the costs and attorneys’ fees incurred in asserting the motion to compel, but may not have sanctions imposed.","The shareholder may recover costs and attorneys’ fees incurred in asserting the motion to compel, and may have sanctions imposed.","B",,civ0020
civ0021,workshop_civpro,civ0021,civ0021,698549435-CIVIL-PROCEDURE-MBE-QUESTIONS.pdf,Civil Procedure,,21,"The plaintiff and defendant in a negligence action filed in federal district court were in a two-car accident. The defendant’s attorney properly gave notice of and commenced a deposition of an eyewitness to the accident. Attorneys for both parties were present at the deposition. During the deposition, the defendant’s attorney asked the witness a leading question, and the plaintiff’s attorney did not object. At the time of trial, the eyewitness was out of the country. Therefore, the defendant’s attorney sought to read a portion of the witness’s deposition testimony into evidence at trial, including the leading question and the witness’s response to it. The plaintiff’s attorney objected at trial to the reading of the leading question and the witness’s response. Is the leading question and response properly admissible in evidence at trial?","No, because none of the deposition testimony is admissible in evidence under these circumstances.","No, because, while the deposition testimony is generally admissible under these circumstances, the court may exclude the leading question and answer on the basis of the plaintiff’s objection at trial.","Yes, because the deposition testimony is generally admissible under these circumstances, and the plaintiff waived any objection to the leading question because the plaintiff did not object to the question at the deposition.","Yes, because once a part of the deposition testimony is admissible under these circumstances, all of the deposition is admissible regardless of the plaintiff’s objection.","C",,civ0021
civ0022,workshop_civpro,civ0022,civ0022,698549435-CIVIL-PROCEDURE-MBE-QUESTIONS.pdf,Civil Procedure,,22,"A hotelier entered into a contract with a merchant to have the merchant build and deliver custom furniture having a total cost of $1 million. The hotelier is a resident of State A and the merchant is a resident of State B. The merchant completed the furniture but the hotelier refused delivery, claiming that the furniture was not as the hotelier and merchant had agreed. The hotelier then filed an action against the merchant in federal district court, claiming breach of contract and seeking the return of a $100,000 deposit. The merchant filed an answer, denying liability and denying that it breached the contract. At the same time, the merchant filed and served a counterclaim asserting that the hotelier had breached the contract and seeking the $900,000 balance due. A week after being served with the merchant’s answer and counterclaim, the hotelier filed a voluntary dismissal of the action. Is the hotelier’s dismissal effective?","Yes, because the party that commenced an action may always terminate it.","Yes, because a plaintiff may voluntarily dismiss an action of right if the plaintiff does so within 21 days of the defendant filing an answer.","No, because, while the hotelier otherwise would have had the right to dismiss the action, the hotelier cannot voluntarily dismiss the action because of the merchant’s pending counterclaim.","No, because, after a defendant files an answer, an action may be dismissed only by a stipulation signed by all parties or by an order of the court.","C",,civ0022
civ0023,workshop_civpro,civ0023,civ0023,698549435-CIVIL-PROCEDURE-MBE-QUESTIONS.pdf,Civil Procedure,,23,"An office furniture supplier filed a breach of contract action against a law firm in federal district court to recover the balance due on an account for furniture it supplied. The law firm filed a motion to dismiss the action on the ground that service of process was improper. Following a hearing, the court held that service was proper and sufficient. Two more months passed without the law firm filing an answer. The supplier then filed a motion to have the clerk of court make an entry of default, and the clerk did so. What procedure must the supplier follow to obtain a default judgment against the law firm?","File a motion to have the clerk of court enter the default judgment, and the clerk may do so without the law firm receiving any further notice of the motion.","File a motion to have the clerk of court enter the default judgment, and the clerk may do so as long as the law firm receives additional notice of the motion for default judgment.","File a motion to have the judge enter the default judgment, and the judge may do so without the law firm receiving any further notice of the motion for default judgment.","File a motion to have the judge enter the default judgment, and the judge may do so as long as the law firm receives additional notice of the motion for default judgment.","C",,civ0023
civ0024,workshop_civpro,civ0024,civ0024,698549435-CIVIL-PROCEDURE-MBE-QUESTIONS.pdf,Civil Procedure,,24,"The owner of property bordering a river properly brought suit in federal court against a power company, alleging that the power company dumped radioactive waste water from one of its nuclear plants into the river, causing the property owner many health issues and resulting in the diminution of his property’s value. The suit sought damages and a preliminary injunction forbidding the power company from dumping any waste into the river. The power company was provided with notice of the hearing, to which it sent its lawyer. During the hearing, the power company claimed that it has complied with applicable state and federal environmental regulations, and stated that it will continue to comply with the regulations if the injunction is denied. The judge granted the preliminary injunction and set a date for a pretrial conference, as required by the Federal Rules of Civil Procedure. May the power company immediately appeal the judge’s granting of the preliminary injunction?","No, because the order is not final.","No, because the question has not been certified as one falling within the Interlocutory Appeals Act.","Yes, but only if the power company takes a default judgment, thereby making the judgment final.","Yes, because the order is immediately appealable as of right.","D",,civ0024
civ0025,workshop_civpro,civ0025,civ0025,698549435-CIVIL-PROCEDURE-MBE-QUESTIONS.pdf,Civil Procedure,,25,"A plaintiff filed a single cause of action against a defendant on a claim based on products liability in state court. The plaintiff contends that a space heater that he was using during the winter short-circuited, causing a fire that burned down his house. In July, the plaintiff’s case against the defendant went to trial, and the jury determined that the fire was caused by faulty wiring in the plaintiff’s home. The following September, the plaintiff filed a breach of warranty action against the defendant in federal court, properly invoking the court’s diversity jurisdiction. The defendant, after properly being served with process, files an answer with an affirmative defense of claim preclusion as his first pleading or motion. The defendant, at an appropriate time, then files a motion for summary judgment based on the assertion of claim preclusion. How should the court rule on the defendant’s motion?","Deny the motion, because the application of claim preclusion is a factual issue for the jury to determine.","Deny the motion, because the plaintiff’s breach of warranty theory is not the same cause of action as the plaintiff’s products liability claim.","Grant the motion, because claim preclusion applies to bar the claim.","Grant the motion, because the defendant, by raising the issue in his first pleading or motion, did not waive the defense of claim preclusion.","C",,civ0025
civ0036,MBE-Civil-Procedure-Sample-Test-Questions,0,0,MBE-Civil-Procedure-Sample-Test-Questions.pdf,Civil Procedure,1,,"An entrepreneur from State A decided to sell hot sauce to the public, labeling it “Best Hot Sauce.” A company incorporated in State B and headquartered in State C sued the entrepreneur in federal court in State C. The complaint sought $50,000 in damages and alleged that the entrepreneur’s use of the name “Best Hot Sauce” infringed the company’s federal trademark. The entrepreneur filed an answer denying the allegations, and the parties began discovery. Six months later, the entrepreneur moved to dismiss for lack of subject-matter jurisdiction. Should the court grant the entrepreneur’s motion?","No, because the company’s claim arises under federal law.","No, because the entrepreneur waived the right to challenge subject-matter jurisdiction by not raising the issue initially by motion or in the answer.","Yes, because although the claim arises under federal law, the amount in controversy is not satisfied.","Yes, because although there is diversity, the amount in controversy is not satisfied.",A,"The claim asserts federal trademark infringement, and therefore it arises under federal law. Subject-matter jurisdiction is proper under 28 U.S.C. § 1331 as a general federal-question action. That statute requires no minimum amount in controversy.",civ0036
civ0032,MBE-Civil-Procedure-Sample-Test-Questions,1,0,MBE-Civil-Procedure-Sample-Test-Questions.pdf,Civil Procedure,2,,"An investor from State A filed an action against his State B stockbroker in federal court in State A. The summons and complaint were served at the stockbroker’s office in State B, where the process server handed the documents to the stockbroker’s administrative assistant. The stockbroker has answered the complaint, asserting the defense of improper service of process. Assume that both states’ requirements for service of process are identical to the requirements of the Federal Rules of Civil Procedure. Is the court likely to dismiss the action for improper service of process?","No, because service was made on a person of suitable age found at the stockbroker’s place of employment.","No, because the stockbroker waived her claim for improper service of process by asserting it in her answer.","Yes, because an individual defendant may not be served by delivering process to a third party found at the defendant’s place of employment.","Yes, because the process of State A courts is not effective in State B.",C,"Federal Rule 4(e)(2) provides that an individual defendant may be served by delivering a copy of the summons and complaint to an agent authorized by appointment or by law to receive service of process on behalf of the defendant. No facts suggest that the administrative assistant was a designated agent.",civ0032
civ0033,MBE-Civil-Procedure-Sample-Test-Questions,2,0,MBE-Civil-Procedure-Sample-Test-Questions.pdf,Civil Procedure,3,,"A truck driver from State A and a bus driver from State B were involved in a collision in State B that injured the truck driver. The truck driver filed a federal diversity action in State B based on negligence, seeking $100,000 in damages from the bus driver. What law of negligence should the court apply?","The court should apply the federal common law of negligence.","The court should apply the negligence law of State A, the truck driver’s state of citizenship.","The court should consider the negligence law of both State A and State B and apply the law that the court believes most appropriately governs negligence in this action.","The court should determine which state’s negligence law a state court in State B would apply and apply that law in this action.",D,"In Klaxon Co. v. Stentor Elec. Mfg. Co., 313 U.S. 487 (1941), the Court made clear that in a federal diversity action a court must look to the choice-of-law rules of the state in which it sits to determine which of two competing states’ laws should be applied to the action before it.",civ0033
civ0034,MBE-Civil-Procedure-Sample-Test-Questions,3,0,MBE-Civil-Procedure-Sample-Test-Questions.pdf,Civil Procedure,4,,"A patent holder brought a patent infringement action in federal court against a licensee of the patent. The patent holder believed that a jury would be more sympathetic to his claims than a judge, and asked his lawyer to obtain a jury trial. What should the lawyer do to secure the patent holder’s right to a jury trial?","File and serve a complaint that includes a jury trial demand.","File and serve a jury trial demand at the close of discovery.","File and serve a jury trial demand within 30 days after the close of the pleadings.","Make a jury trial demand at the initial pretrial conference.",A,"Federal Rule 38(b)(1) provides specifically that a jury trial demand may be included in a pleading. Including it in a properly filed and served complaint secures the right.",civ0034
civ0031,MBE-Civil-Procedure-Sample-Test-Questions,4,0,MBE-Civil-Procedure-Sample-Test-Questions.pdf,Civil Procedure,5,,"A consumer from State A filed a $100,000 products liability action in federal court against a manufacturer incorporated and with its principal place of business in State B. The consumer claimed that a flaw in the manufacturer’s product had resulted in severe injuries to the consumer. In its answer, the manufacturer asserted a third-party complaint against the product designer, also incorporated and with its principal place of business in State B. Believing that the consumer had sued the wrong defendant, the manufacturer claimed both that the designer was solely responsible for the flaw that had led to the consumer’s injuries and that the manufacturer was not at fault. The designer is aware that the manufacturer did not follow all of the designer’s specifications when making the product. Which of the following arguments is most likely to achieve the designer’s goal of dismissal of the third-party complaint?","The court does not have subject-matter jurisdiction over the third-party complaint, because both the manufacturer and the designer are citizens of State B.","The manufacturer failed to obtain the court’s leave to file the third-party complaint.","The manufacturer’s failure to follow the designer’s specifications caused the flaw that resulted in the consumer’s injuries.","The manufacturer’s third-party complaint failed to state a proper third-party claim.",D,"Under Federal Rule 14(a)(1), a defendant may serve a third-party claim only on a nonparty “who is or may be liable to it for all or part of the claim against it.”",civ0031
civ0026,MBE-Civil-Procedure-Sample-Test-Questions,5,0,MBE-Civil-Procedure-Sample-Test-Questions.pdf,Civil Procedure,6,,"A wholesaler brought a federal diversity action against a large pharmaceutical company for breach of contract. During jury selection, one potential juror stated that five years earlier he had been an employee of the company and still owned several hundred shares of its stock. In response to questioning from the judge, the potential juror stated that he could fairly consider the evidence in the case. The wholesaler’s attorney has asked the judge to strike the potential juror for cause. Should the judge strike the potential juror for cause?","No, because the potential juror said that he could fairly consider the evidence in the case.","No, because the wholesaler’s attorney could use a peremptory challenge to strike the potential juror.","Yes, because other potential jurors still remain available for the jury panel.","Yes, because the potential juror is presumed to be biased because of his relationship to the company.",D,"Stock ownership, or having worked for or having a spouse who works or worked for one of the litigants, has been found to create a presumption of bias that merits striking a potential juror for cause.",civ0026
civ0027,MBE-Civil-Procedure-Sample-Test-Questions,6,0,MBE-Civil-Procedure-Sample-Test-Questions.pdf,Civil Procedure,7,,"After being fired, a woman sued her former employer in federal court, alleging that her supervisor had discriminated against her on the basis of her sex. The woman’s complaint included a lengthy description of what the supervisor had said and done over the years, quoting his telephone calls and emails to her and her own emails to the supervisor’s manager asking for help. The employer moved for summary judgment, alleging that the woman was a pathological liar who had filed the action and included fictitious documents in revenge for having been fired. Because the woman’s attorney was at a lengthy out-of-state trial when the summary-judgment motion was filed, he failed to respond to it. The court therefore granted the motion in a one-line order and entered final judgment. The woman has appealed. Is the appellate court likely to uphold the trial court’s ruling?","No, because the complaint’s allegations were detailed and specific.","No, because the employer moved for summary judgment on the basis that the woman was not credible, creating a factual dispute.","Yes, because the woman’s failure to respond to the summary-judgment motion means that there was no sworn affidavit to support her allegations and supporting documents.","Yes, because the woman’s failure to respond to the summary-judgment motion was a default giving sufficient basis to grant the motion.",B,"The standard for summary judgment is whether there is no genuine dispute as to any material fact such that the moving party is entitled to judgment as a matter of law. By challenging the woman’s credibility, the employer disputed all the facts and evidence.",civ0027
civ0028,MBE-Civil-Procedure-Sample-Test-Questions,7,0,MBE-Civil-Procedure-Sample-Test-Questions.pdf,Civil Procedure,8,,"A man brought a federal diversity action against his insurance company, alleging that the company had breached its duty under his insurance policy by refusing to pay for his medical expenses resulting from a mountain-biking accident. At the jury trial, the man presented evidence that he had paid all premiums on the insurance policy and that the policy covered personal-injury-related medical expenses arising from accidents. After he rested his case, the company presented evidence that a provision of the policy excluded payment for injury-related expenses resulting from an insured’s “unduly risky” behavior. The company also presented a witness who testified that the accident had occurred in an area where posted signs warned bikers not to enter. The man did not cross-examine the witness. After resting its case, the company moved for judgment as a matter of law. Should the court grant the motion?","No, because a motion for judgment as a matter of law must first be made at the close of the plaintiff’s case-in-chief.","No, because whether the man’s behavior was unduly risky is a question of fact for the jury to resolve.","Yes, because the company’s uncontradicted evidence of the man’s unduly risky behavior means that no reasonable jury could find that the policy covers his injuries.","Yes, because the man waived his right to rebut the company’s evidence by not addressing the “unduly risky” policy provision in his case-in-chief.",B,"Whether the man’s behavior was unduly risky is a question of fact for the jury to resolve.",civ0028
civ0029,MBE-Civil-Procedure-Sample-Test-Questions,8,0,MBE-Civil-Procedure-Sample-Test-Questions.pdf,Civil Procedure,9,,"A motorcyclist was involved in a collision with a truck. The motorcyclist sued the truck driver in state court for damage to the motorcycle. The jury returned a verdict for the truck driver, and the court entered judgment. The motorcyclist then sued the company that employed the driver and owned the truck in federal court for personal-injury damages, and the company moved to dismiss based on the state-court judgment. If the court grants the company’s motion, what is the likely explanation?","Claim preclusion (res judicata) bars the motorcyclist’s action against the company.","Issue preclusion (collateral estoppel) establishes the company’s lack of negligence.","The motorcyclist violated the doctrine of election of remedies.","The state-court judgment is the law of the case.",A,"Claim preclusion (res judicata) bars relitigation of claims that were or could have been raised in a prior action between the same parties or their privies based on the same cause of action.",civ0029
civ0030,MBE-Civil-Procedure-Sample-Test-Questions,9,0,MBE-Civil-Procedure-Sample-Test-Questions.pdf,Civil Procedure,10,,"A student at a private university sued the university in federal court for negligence after he fell from scaffolding in a university-owned theater building. At trial, after briefing from both parties, the court permitted the jury to hear testimony that there had been several previous accidents in the same building. The jury found for the student, and the university appealed. One of the university’s arguments on appeal is that the testimony about the previous accidents should have been excluded as irrelevant and highly prejudicial. Which standard of review applies to this argument?","Abuse of discretion.","Clearly erroneous.","De novo.","Harmless error.",A,"Evidentiary rulings are reviewed for abuse of discretion.",civ0030
pmbrmbe_0021,pmbrmbe,0021,21,PMBR Early Bird MBE 2007,Torts,21,,"Fred left his keys in his car; the car was stolen and used in a robbery.","(A) Fred is liable because leaving the keys was negligence.","(B) Fred is liable only if the theft was foreseeable.","(C) Fred is not liable unless he gave the keys to the thief.","(D) Fred is not liable.",D,,pmbrmbe_0021
pmbrmbe_0022,pmbrmbe,0022,22,PMBR Early Bird MBE 2007,Torts,22,,"Jill owned a pet snake. She let it loose in her yard and it escaped and bit a neighbor.","(A) Jill is strictly liable.","(B) Jill is liable only if negligent.","(C) Jill is not liable because a snake is not a wild animal.","(D) Jill is not liable if she warned her neighbor.",A,,pmbrmbe_0022
pmbrmbe_0023,pmbrmbe,0023,23,PMBR Early Bird MBE 2007,Torts,23,,"Doctor prescribed medication without warning of possible side effects; patient suffered harm.","(A) Doctor is liable because of failure to warn.","(B) Doctor is not liable unless negligent in prescribing.","(C) Doctor is strictly liable.","(D) Doctor is not liable.",A,,pmbrmbe_0023
pmbrmbe_0024,pmbrmbe,0024,24,PMBR Early Bird MBE 2007,Torts,24,,"Tom trespassed on Phil's land at night and fell into an open pit.","(A) Tom can recover because a landowner must warn of dangers.","(B) Tom cannot recover because he was a trespasser.","(C) Tom can recover only if Phil set a trap.","(D) Tom can recover if Phil's conduct was willful.",B,,pmbrmbe_0024
pmbrmbe_0025,pmbrmbe,0025,25,PMBR Early Bird MBE 2007,Torts,25,,"Ann negligently left a loaded gun where a child found it and shot someone.","(A) Ann is liable because her conduct was negligent.","(B) Ann is not liable unless she intended harm.","(C) Ann is strictly liable.","(D) Ann is not liable because the child was an intervening cause.",A,,pmbrmbe_0025
pmbrmbe_0026,pmbrmbe,0026,26,PMBR Early Bird MBE 2007,Torts,26,,"Linda sued for injuries caused by defective brakes in her new car.","(A) She can recover only from the dealer.","(B) She can recover only from the manufacturer.","(C) She can recover from both dealer and manufacturer.","(D) She cannot recover unless she proves negligence.",C,,pmbrmbe_0026
pmbrmbe_0027,pmbrmbe,0027,27,PMBR Early Bird MBE 2007,Torts,27,,"Harold's dog bit a child; the dog had never bitten before.","(A) Harold is strictly liable.","(B) Harold is liable only if negligent.","(C) Harold is not liable.","(D) Harold is not liable if the child provoked the dog.",A,,pmbrmbe_0027
pmbrmbe_0028,pmbrmbe,0028,28,PMBR Early Bird MBE 2007,Torts,28,,"City failed to repair a broken sidewalk. Mary tripped and was injured.","(A) City is liable.","(B) City is liable only if it had notice.","(C) City is not liable unless it created the defect.","(D) City is not liable because of governmental immunity.",B,,pmbrmbe_0028
pmbrmbe_0029,pmbrmbe,0029,29,PMBR Early Bird MBE 2007,Torts,29,,"Frank accidentally shot Bill while hunting, mistaking him for a deer.","(A) Frank is liable because he intended to shoot.","(B) Frank is liable only if negligent.","(C) Frank is not liable.","(D) Frank is not liable if Bill was not wearing orange.",B,,pmbrmbe_0029
pmbrmbe_0030,pmbrmbe,0030,30,PMBR Early Bird MBE 2007,Torts,30,,"Marta slipped on ice in Sam's store. The ice had been tracked in by customers.","(A) Sam is liable if he failed to remove the ice.","(B) Sam is not liable unless he knew or should have known.","(C) Sam is strictly liable.","(D) Sam is not liable if the ice was open and obvious.",B,,pmbrmbe_0030
idx,dataset,example_id,prompt_id,source,subject,question_number,prompt,question,choice_a,choice_b,choice_c,choice_d,answer,gold_passage,gold_idx
pmbrmbe_0061,pmbrmbe,0061,61,PMBR Early Bird MBE 2007,Torts,61,,"Edgar left a loaded rifle in a closet, child found it and was injured.","(A) Edgar is liable for negligence.","(B) Edgar is strictly liable.","(C) Edgar is not liable unless warned.","(D) Edgar is not liable if the closet was locked.",A,,pmbrmbe_0061
pmbrmbe_0062,pmbrmbe,0062,62,PMBR Early Bird MBE 2007,Torts,62,,"Victoria, a nurse, gave the wrong medicine and patient died.","(A) Victoria is strictly liable.","(B) Victoria is liable for negligence.","(C) Victoria is not liable.","(D) Victoria is not liable if she followed doctor’s order.",B,,pmbrmbe_0062
pmbrmbe_0063,pmbrmbe,0063,63,PMBR Early Bird MBE 2007,Torts,63,,"Allen built a fence that encroached on neighbor's property.","(A) Allen is liable for trespass.","(B) Allen is strictly liable.","(C) Allen is not liable unless intentional.","(D) Allen is not liable if he did not know.",A,,pmbrmbe_0063
pmbrmbe_0064,pmbrmbe,0064,64,PMBR Early Bird MBE 2007,Torts,64,,"Tina slipped and fell in a mall restroom due to a wet floor.","(A) The mall is liable if it failed to warn.","(B) The mall is strictly liable.","(C) The mall is not liable unless negligent.","(D) The mall is not liable if Tina was careless.",A,,pmbrmbe_0064
pmbrmbe_0065,pmbrmbe,0065,65,PMBR Early Bird MBE 2007,Torts,65,,"Ray threw snowballs at cars, one broke a window.","(A) Ray is liable for trespass to chattels.","(B) Ray is liable for battery.","(C) Ray is strictly liable.","(D) Ray is not liable if unintentional.",A,,pmbrmbe_0065
pmbrmbe_0066,pmbrmbe,0066,66,PMBR Early Bird MBE 2007,Torts,66,,"Walter, a store owner, chased a thief, injuring a bystander.","(A) Walter is liable for negligence.","(B) Walter is strictly liable.","(C) Walter is not liable unless use of force was unreasonable.","(D) Walter is not liable if bystander was careless.",A,,pmbrmbe_0066
pmbrmbe_0067,pmbrmbe,0067,67,PMBR Early Bird MBE 2007,Torts,67,,"Henry installed a swimming pool without a fence, neighbor's child drowned.","(A) Henry is strictly liable.","(B) Henry is liable under attractive nuisance doctrine.","(C) Henry is not liable.","(D) Henry is not liable if he warned parents.",B,,pmbrmbe_0067
pmbrmbe_0068,pmbrmbe,0068,68,PMBR Early Bird MBE 2007,Torts,68,,"Janet, a customer, was injured when a shelf collapsed in a store.","(A) Store is liable if shelf was negligently installed.","(B) Store is strictly liable.","(C) Store is not liable unless warned.","(D) Store is not liable if Janet was careless.",A,,pmbrmbe_0068
pmbrmbe_0069,pmbrmbe,0069,69,PMBR Early Bird MBE 2007,Torts,69,,"Oscar was injured in a taxi crash caused by a drunk driver.","(A) Taxi company is strictly liable.","(B) Taxi company is liable if driver acted in scope of employment.","(C) Taxi company is not liable unless negligent in hiring.","(D) Taxi company is not liable if Oscar was not seatbelted.",B,,pmbrmbe_0069
pmbrmbe_0070,pmbrmbe,0070,70,PMBR Early Bird MBE 2007,Torts,70,,"Sandy, a mail carrier, was bitten by a dog while delivering mail.","(A) Owner is strictly liable.","(B) Owner is liable only if dog had vicious propensities.","(C) Owner is not liable to trespassers.","(D) Owner is not liable if Sandy provoked dog.",A,,pmbrmbe_0070
pmbrmbe_0071,pmbrmbe,0071,71,PMBR Early Bird MBE 2007,Torts,71,,"Frank, a passenger, sued driver for injuries from reckless driving.","(A) Frank can recover unless he assumed risk.","(B) Frank is strictly liable.","(C) Frank cannot recover if no seatbelt.","(D) Frank cannot recover if not paying passenger.",A,,pmbrmbe_0071
pmbrmbe_0072,pmbrmbe,0072,72,PMBR Early Bird MBE 2007,Torts,72,,"Lynn, a nurse, was stuck by a used needle improperly discarded by a doctor.","(A) Doctor is strictly liable.","(B) Doctor is liable for negligence.","(C) Doctor is not liable if nurse was careless.","(D) Doctor is not liable unless intentional.",B,,pmbrmbe_0072
pmbrmbe_0073,pmbrmbe,0073,73,PMBR Early Bird MBE 2007,Torts,73,,"Mary’s car struck a cow on the highway, owner knew fence was broken.","(A) Owner is strictly liable.","(B) Owner is not liable unless negligent.","(C) Owner is liable if fence was knowingly broken.","(D) Owner is not liable.",C,,pmbrmbe_0073
pmbrmbe_0074,pmbrmbe,0074,74,PMBR Early Bird MBE 2007,Torts,74,,"Steve punched Bill in a bar fight; Bill sued for damages.","(A) Steve is liable for battery.","(B) Steve is strictly liable.","(C) Steve is not liable if Bill provoked him.","(D) Steve is not liable unless injury was serious.",A,,pmbrmbe_0074
pmbrmbe_0075,pmbrmbe,0075,75,PMBR Early Bird MBE 2007,Torts,75,,"Mona spilled oil on stairs at her apartment, visitor slipped.","(A) Mona is liable for negligence.","(B) Mona is not liable unless warned.","(C) Mona is strictly liable.","(D) Mona is not liable if visitor was careless.",A,,pmbrmbe_0075
pmbrmbe_0076,pmbrmbe,0076,76,PMBR Early Bird MBE 2007,Torts,76,,"Tom’s fireworks startled a horse, causing rider to fall.","(A) Tom is liable if negligent.","(B) Tom is strictly liable.","(C) Tom is not liable if fireworks were legal.","(D) Tom is not liable unless warned.",A,,pmbrmbe_0076
pmbrmbe_0077,pmbrmbe,0077,77,PMBR Early Bird MBE 2007,Torts,77,,"Ed, a truck driver, spilled chemicals polluting river.","(A) Ed is liable under strict liability.","(B) Ed is not liable unless negligent.","(C) Ed is not liable if accident was unforeseeable.","(D) Ed is not liable if chemicals were non-toxic.",A,,pmbrmbe_0077
pmbrmbe_0078,pmbrmbe,0078,78,PMBR Early Bird MBE 2007,Torts,78,,"Joy left her baby unattended in a car, child suffered heatstroke.","(A) Joy is liable for negligence.","(B) Joy is not liable if child was asleep.","(C) Joy is strictly liable.","(D) Joy is not liable if accident was unforeseeable.",A,,pmbrmbe_0078
pmbrmbe_0079,pmbrmbe,0079,79,PMBR Early Bird MBE 2007,Torts,79,,"Pat, a store customer, was assaulted by another customer.","(A) Store is liable if it failed to provide adequate security.","(B) Store is not liable unless warned.","(C) Store is strictly liable.","(D) Store is not liable if assault was unforeseeable.",A,,pmbrmbe_0079
pmbrmbe_0080,pmbrmbe,0080,80,PMBR Early Bird MBE 2007,Torts,80,,"Fred, a landlord, failed to fix broken window, tenant was injured.","(A) Fred is liable if he knew or should have known of the defect.","(B) Fred is strictly liable.","(C) Fred is not liable unless notified.","(D) Fred is not liable if tenant was careless.",A,,pmbrmbe_0080
idx,dataset,example_id,prompt_id,source,subject,question_number,prompt,question,choice_a,choice_b,choice_c,choice_d,answer,gold_passage,gold_idx
pmbrmbe_0081,pmbrmbe,0081,81,PMBR Early Bird MBE 2007,Torts,81,,"Nina sued for emotional distress after witnessing her child’s accident.","(A) Nina can recover for negligent infliction.","(B) Nina can recover only if physically injured.","(C) Nina cannot recover unless she was in the zone of danger.","(D) Nina cannot recover.",C,,pmbrmbe_0081
pmbrmbe_0082,pmbrmbe,0082,82,PMBR Early Bird MBE 2007,Torts,82,,"Tim borrowed a power tool, which injured him due to faulty wiring.","(A) Lender is strictly liable.","(B) Lender is liable only if negligent.","(C) Lender is not liable unless he knew of defect.","(D) Lender is not liable if tool was misused.",C,,pmbrmbe_0082
pmbrmbe_0083,pmbrmbe,0083,83,PMBR Early Bird MBE 2007,Torts,83,,"Elaine, a pedestrian, slipped on a public sidewalk covered in ice.","(A) City is liable for all sidewalk injuries.","(B) City is strictly liable.","(C) City is not liable unless negligent in maintaining sidewalks.","(D) City is not liable if Elaine was careless.",C,,pmbrmbe_0083
pmbrmbe_0084,pmbrmbe,0084,84,PMBR Early Bird MBE 2007,Torts,84,,"Ryan was bitten by a neighbor’s ferret.","(A) Owner is strictly liable.","(B) Owner is liable only if ferret is wild.","(C) Owner is not liable unless negligent.","(D) Owner is not liable if Ryan provoked.",B,,pmbrmbe_0084
pmbrmbe_0085,pmbrmbe,0085,85,PMBR Early Bird MBE 2007,Torts,85,,"Wanda, a spectator, was hit by a thrown baseball bat at a game.","(A) Wanda assumed the risk.","(B) Stadium is strictly liable.","(C) Stadium is liable only if seating was defective.","(D) Stadium is not liable if bat was thrown intentionally.",A,,pmbrmbe_0085
pmbrmbe_0086,pmbrmbe,0086,86,PMBR Early Bird MBE 2007,Torts,86,,"Greg, a store owner, was sued after customer fell on a wet floor.","(A) Greg is liable only if negligent in cleaning.","(B) Greg is strictly liable.","(C) Greg is not liable unless warned.","(D) Greg is not liable if accident was unforeseeable.",A,,pmbrmbe_0086
pmbrmbe_0087,pmbrmbe,0087,87,PMBR Early Bird MBE 2007,Torts,87,,"Allen, a doctor, failed to diagnose cancer in a patient.","(A) Allen is liable for negligence.","(B) Allen is strictly liable.","(C) Allen is not liable unless diagnosis was possible.","(D) Allen is not liable if patient was noncompliant.",A,,pmbrmbe_0087
pmbrmbe_0088,pmbrmbe,0088,88,PMBR Early Bird MBE 2007,Torts,88,,"Rachel’s car was damaged by a tree branch falling in a city park.","(A) City is strictly liable.","(B) City is liable only if negligent.","(C) City is not liable.","(D) City is not liable if accident was unforeseeable.",B,,pmbrmbe_0088
pmbrmbe_0089,pmbrmbe,0089,89,PMBR Early Bird MBE 2007,Torts,89,,"Kevin trespassed and was injured by a hidden trap.","(A) Owner is strictly liable.","(B) Owner is not liable unless conduct was willful.","(C) Owner is not liable to trespassers.","(D) Owner is not liable if trap was not intended for Kevin.",B,,pmbrmbe_0089
pmbrmbe_0090,pmbrmbe,0090,90,PMBR Early Bird MBE 2007,Torts,90,,"Irene, a shopper, sued after slipping on spilled oil in a store.","(A) Irene can recover only if store had notice.","(B) Irene can recover under strict liability.","(C) Store is not liable if spill was recent.","(D) Store is not liable if Irene was careless.",A,,pmbrmbe_0090
pmbrmbe_0091,pmbrmbe,0091,91,PMBR Early Bird MBE 2007,Torts,91,,"Dan fired a gun in the air and the bullet damaged a neighbor’s roof.","(A) Dan is strictly liable.","(B) Dan is liable for negligence.","(C) Dan is not liable unless warned.","(D) Dan is not liable if accidental.",B,,pmbrmbe_0091
pmbrmbe_0092,pmbrmbe,0092,92,PMBR Early Bird MBE 2007,Torts,92,,"Laura, a child, was hurt on a carnival ride lacking proper restraints.","(A) Carnival is strictly liable.","(B) Carnival is liable if it failed to provide safety measures.","(C) Carnival is not liable unless warned.","(D) Carnival is not liable to minors.",B,,pmbrmbe_0092
pmbrmbe_0093,pmbrmbe,0093,93,PMBR Early Bird MBE 2007,Torts,93,,"Steve, a guest, tripped over a loose rug in host’s home.","(A) Host is liable if rug was a hidden danger.","(B) Host is not liable unless warned.","(C) Host is strictly liable.","(D) Host is not liable if guest was careless.",A,,pmbrmbe_0093
pmbrmbe_0094,pmbrmbe,0094,94,PMBR Early Bird MBE 2007,Torts,94,,"Mary sued for emotional distress after receiving a false death notice.","(A) Mary can recover under intentional infliction.","(B) Mary can recover only if physical harm.","(C) Mary cannot recover.","(D) Mary cannot recover unless notice was malicious.",A,,pmbrmbe_0094
pmbrmbe_0095,pmbrmbe,0095,95,PMBR Early Bird MBE 2007,Torts,95,,"Larry, a plumber, left a gas line open, causing explosion.","(A) Larry is strictly liable.","(B) Larry is liable for negligence.","(C) Larry is not liable unless warned.","(D) Larry is not liable if explosion was unforeseeable.",B,,pmbrmbe_0095
pmbrmbe_0096,pmbrmbe,0096,96,PMBR Early Bird MBE 2007,Torts,96,,"Tom was injured by an escalator in a department store.","(A) Store is strictly liable.","(B) Store is liable if escalator was defective or poorly maintained.","(C) Store is not liable unless warned.","(D) Store is not liable if Tom was careless.",B,,pmbrmbe_0096
pmbrmbe_0097,pmbrmbe,0097,97,PMBR Early Bird MBE 2007,Torts,97,,"Jill, a bystander, was hit by debris from a demolition site.","(A) Demolition company is strictly liable.","(B) Demolition company is not liable unless negligent.","(C) Demolition company is not liable if site was fenced.","(D) Demolition company is not liable if Jill ignored warning signs.",A,,pmbrmbe_0097
pmbrmbe_0098,pmbrmbe,0098,98,PMBR Early Bird MBE 2007,Torts,98,,"Pam sued after tripping on cracked sidewalk outside a store.","(A) Store is strictly liable.","(B) Store is not liable unless it owned sidewalk.","(C) Store is liable if it controlled sidewalk.","(D) Store is not liable if Pam was careless.",C,,pmbrmbe_0098
pmbrmbe_0099,pmbrmbe,0099,99,PMBR Early Bird MBE 2007,Torts,99,,"Nick, a repairman, was hurt by a faulty elevator in an office building.","(A) Owner is strictly liable.","(B) Owner is liable only if negligent.","(C) Owner is not liable unless warned.","(D) Owner is not liable if Nick misused elevator.",B,,pmbrmbe_0099
pmbrmbe_0100,pmbrmbe,0100,100,PMBR Early Bird MBE 2007,Torts,100,,"Rachel a hotel guest, was burned by hot water in her shower.","(A) Hotel is strictly liable.","(B) Hotel is liable if it failed to regulate temperature.","(C) Hotel is not liable unless warned.","(D) Hotel is not liable if Rachel was careless.",B,,pmbrmbe_0100
pmbrmbe_0101,pmbrmbe,0101,101,PMBR Early Bird MBE 2007,Contracts,1,,"Paul offered to sell a car to Dan for $5,000. Dan replied, ""I will pay $4,500.""","(A) ""There is a contract at $5,000.""","(B) There is a contract at $4,500.","(C) There is no contract.","(D) Paul must accept $4,500.",C,,pmbrmbe_0101
pmbrmbe_0102,pmbrmbe,0102,102,PMBR Early Bird MBE 2007,Contracts,2,,"Anna mailed an offer to Ben on May 1. Ben mailed his acceptance on May 2, but Anna revoked her offer on May 3 before receiving the acceptance.","(A) There is a contract.","(B) There is no contract.","(C) Anna's revocation is effective.","(D) The offer lapsed.",A,,pmbrmbe_0102
pmbrmbe_0103,pmbrmbe,0103,103,PMBR Early Bird MBE 2007,Contracts,3,,"Lucy offered to sell land to Ricky, who replied, ""I'll take it if you include the furniture.""","(A) Contract is formed.","(B) No contract; Ricky's reply is a counteroffer.","(C) Ricky must buy the land and furniture.","(D) Lucy must sell only the land.",B,,pmbrmbe_0103
pmbrmbe_0104,pmbrmbe,0104,104,PMBR Early Bird MBE 2007,Contracts,4,,"Mike offered to sell a watch to Jim for $100, but revoked before Jim accepted.","(A) Mike is bound to sell.","(B) No contract; revocation was effective.","(C) Jim can enforce the sale.","(D) Mike must wait for Jim's reply.",B,,pmbrmbe_0104
pmbrmbe_0105,pmbrmbe,0105,105,PMBR Early Bird MBE 2007,Contracts,5,,"A signed option contract to buy a house was supported by $10 consideration.","(A) The option is revocable.","(B) The option is irrevocable during the stated period.","(C) The option is void for lack of consideration.","(D) The option is enforceable only by the seller.",B,,pmbrmbe_0105
pmbrmbe_0106,pmbrmbe,0106,106,PMBR Early Bird MBE 2007,Contracts,6,,"Frank agreed to paint Ann's house for $1,000. After finishing, Ann refused to pay.","(A) Frank can recover in quantum meruit.","(B) Frank has no remedy.","(C) Frank can only sue for breach.","(D) Ann can rescind the contract.",A,,pmbrmbe_0106
pmbrmbe_0107,pmbrmbe,0107,107,PMBR Early Bird MBE 2007,Contracts,7,,"Tom promised to give Sally $100 as a gift, then changed his mind.","(A) Sally can enforce the promise.","(B) Sally cannot enforce; no consideration.","(C) Sally can recover as a creditor beneficiary.","(D) Tom is estopped from revoking.",B,,pmbrmbe_0107
pmbrmbe_0108,pmbrmbe,0108,108,PMBR Early Bird MBE 2007,Contracts,8,,"Joe contracted to sell his car to Bob, but the car was destroyed before delivery.","(A) Bob can enforce the contract.","(B) Joe is excused; performance is impossible.","(C) Joe must deliver a substitute.","(D) Joe must refund any deposit.",B,,pmbrmbe_0108
pmbrmbe_0109,pmbrmbe,0109,109,PMBR Early Bird MBE 2007,Contracts,9,,"Sue offered to buy Pam's bicycle if Pam accepted by June 1. Pam accepted on June 2.","(A) Contract is formed.","(B) No contract; acceptance was late.","(C) Pam can enforce the offer.","(D) Sue must renegotiate.",B,,pmbrmbe_0109
pmbrmbe_0110,pmbrmbe,0110,110,PMBR Early Bird MBE 2007,Contracts,10,,"Ed promised to sell land to Alice, but the agreement was not in writing.","(A) Ed can enforce the agreement.","(B) Alice can enforce the agreement.","(C) The contract is unenforceable under the Statute of Frauds.","(D) The contract is void.",C,,pmbrmbe_0110
pmbrmbe_0111,pmbrmbe,0111,111,PMBR Early Bird MBE 2007,Contracts,11,,"Leo, a minor, signed a contract to buy a car.","(A) The contract is void.","(B) The contract is voidable by Leo.","(C) The contract is enforceable.","(D) The contract is voidable by seller.",B,,pmbrmbe_0111
pmbrmbe_0112,pmbrmbe,0112,112,PMBR Early Bird MBE 2007,Contracts,12,,"Sam paid Sue to deliver goods on June 1, but Sue delivered June 10.","(A) Sam must accept late delivery.","(B) Sam may reject the goods.","(C) Sam is liable for breach.","(D) Sue may rescind.",B,,pmbrmbe_0112
pmbrmbe_0113,pmbrmbe,0113,113,PMBR Early Bird MBE 2007,Contracts,13,,"Ned promised to sell a rare coin to Ron, but sold it to Lisa instead.","(A) Ron can recover the coin.","(B) Ron can sue for damages.","(C) Ron can void the sale to Lisa.","(D) Lisa has no rights.",B,,pmbrmbe_0113
pmbrmbe_0114,pmbrmbe,0114,114,PMBR Early Bird MBE 2007,Contracts,14,,"Greg agreed to paint Amy's house, but Amy refused to let him.","(A) Greg can recover full contract price.","(B) Greg can sue for breach.","(C) Greg has no remedy.","(D) Amy is excused from performance.",B,,pmbrmbe_0114
pmbrmbe_0115,pmbrmbe,0115,115,PMBR Early Bird MBE 2007,Contracts,15,,"Pete agreed to sell eggs to Bill at market price; no quantity was stated.","(A) Contract is enforceable.","(B) Contract fails for indefiniteness.","(C) Contract is void.","(D) Contract is enforceable only for one delivery.",B,,pmbrmbe_0115
pmbrmbe_0116,pmbrmbe,0116,116,PMBR Early Bird MBE 2007,Contracts,16,,"Al offered to sell a painting to Sue for $1,000, Sue replied, ""I accept,"" but crossed out $1,000 and wrote $900.","(A) Contract is formed at $5,000.","(B) No contract; counteroffer.","(C) Contract is formed at $900.","(D) Al is bound to accept.",B,,pmbrmbe_0116
pmbrmbe_0117,pmbrmbe,0117,117,PMBR Early Bird MBE 2007,Contracts,17,,"Martha agreed in writing to sell land to Ed, but failed to deliver the deed.","(A) Ed can force Martha to perform.","(B) Ed has no remedy.","(C) Ed can sue only for damages.","(D) Martha can rescind.",A,,pmbrmbe_0117
pmbrmbe_0118,pmbrmbe,0118,118,PMBR Early Bird MBE 2007,Contracts,18,,"Brian made an oral contract to buy goods worth $600.","(A) Contract is enforceable.","(B) Contract is unenforceable under Statute of Frauds.","(C) Contract is valid.","(D) Brian must pay.",B,,pmbrmbe_0118
pmbrmbe_0119,pmbrmbe,0119,119,PMBR Early Bird MBE 2007,Contracts,19,,"Jill offered to sell her car to Amy for $2,000; Amy replied, ""I accept,"" and sent a check for $2,000.","(A) Contract is formed.","(B) No contract; offer lapsed.","(C) Amy can rescind.","(D) Jill must return the check.",A,,pmbrmbe_0119
pmbrmbe_0120,pmbrmbe,0120,120,PMBR Early Bird MBE 2007,Contracts,20,,"Kyle agreed to build a house for Mary by August 1, but finished on August 10.","(A) Mary must accept.","(B) Mary may recover damages.","(C) Mary can rescind.","(D) Kyle has no remedy.",B,,pmbrmbe_0120
pmbrmbe_0121,pmbrmbe,0121,121,PMBR Early Bird MBE 2007,Contracts,21,,"Clara agreed to sell a boat to Tom, but before delivery the boat was stolen.","(A) Clara must deliver a substitute boat.","(B) Tom must accept the loss.","(C) Clara is excused due to impossibility.","(D) Tom can sue for damages.",C,,pmbrmbe_0121
pmbrmbe_0122,pmbrmbe,0122,122,PMBR Early Bird MBE 2007,Contracts,22,,"A lease was signed for one year; the tenant vacated after six months.","(A) The tenant is liable for the full year's rent.","(B) The tenant is liable only for time in possession.","(C) The landlord must mitigate damages.","(D) The landlord may recover for the remainder of the lease.",C,,pmbrmbe_0122
pmbrmbe_0123,pmbrmbe,0123,123,PMBR Early Bird MBE 2007,Contracts,23,,"A builder contracted to construct a house, but the buyer refused to pay for extras.","(A) The builder can recover only for agreed extras.","(B) The builder can recover for extras if ordered by buyer.","(C) The builder cannot recover for extras.","(D) The builder must finish house before suing.",B,,pmbrmbe_0123
pmbrmbe_0124,pmbrmbe,0124,124,PMBR Early Bird MBE 2007,Contracts,24,,"A signed contract for the sale of land omitted the purchase price.","(A) Contract is enforceable.","(B) Contract is void.","(C) Court can supply a reasonable price.","(D) The parties must renegotiate.",C,,pmbrmbe_0124
pmbrmbe_0125,pmbrmbe,0125,125,PMBR Early Bird MBE 2007,Contracts,25,,"Lora agreed to buy Sam's business; Sam misrepresented its profits.","(A) Lora may rescind the contract.","(B) Sam can enforce the contract.","(C) Lora must accept the loss.","(D) Lora can sue only for breach.",A,,pmbrmbe_0125
pmbrmbe_0126,pmbrmbe,0126,126,PMBR Early Bird MBE 2007,Contracts,26,,"A contractor finished early; owner refused to accept work.","(A) Contractor can recover damages.","(B) Contractor must wait until due date.","(C) Owner may rescind.","(D) Owner must pay full price.",A,,pmbrmbe_0126
pmbrmbe_0127,pmbrmbe,0127,127,PMBR Early Bird MBE 2007,Contracts,27,,"Jack offered to sell goods to Jill; Jill replied, ""I accept,"" but changed delivery terms.","(A) Contract is formed as stated.","(B) No contract; counteroffer.","(C) Contract is formed with changed terms.","(D) Jack must accept changes.",B,,pmbrmbe_0127
pmbrmbe_0128,pmbrmbe,0128,128,PMBR Early Bird MBE 2007,Contracts,28,,"Sam and Bill agreed to swap cars; Sam delivered but Bill refused.","(A) Sam can sue for damages.","(B) Sam can force Bill to deliver.","(C) Sam must accept nonperformance.","(D) Bill is excused.",A,,pmbrmbe_0128
pmbrmbe_0129,pmbrmbe,0129,129,PMBR Early Bird MBE 2007,Contracts,29,,"Mike orally promised to sell his house to Bob; Bob paid a deposit and moved in.","(A) Bob can enforce the oral contract.","(B) Bob cannot enforce due to Statute of Frauds.","(C) Mike must refund the deposit.","(D) Contract is void.",A,,pmbrmbe_0129
pmbrmbe_0130,pmbrmbe,0130,130,PMBR Early Bird MBE 2007,Contracts,30,,"Pat signed a contract with blank terms, intending to fill in later.","(A) Contract is enforceable as written.","(B) Contract is unenforceable for indefiniteness.","(C) Court can supply missing terms.","(D) Contract is void.",B,,pmbrmbe_0130
